{
    "accuracy": 0.9989841822667247,
    "precision": 0.9955650639474054,
    "recall": 0.998308826983605,
    "f1_score": 0.9969350576240441,
    "train_f1_score": 0.9977201205222631,
    "best_threshold": 0.578
}